month,region,revenue
2025-01,North,41119.16
2025-01,South,33254.25
2025-01,East,51754.67
2025-01,West,25862.18
2025-02,North,43439.41
2025-02,South,35378.44
2025-02,East,50319.99
2025-02,West,28877.18
2025-03,North,42207.48
2025-03,South,36768.23
2025-03,East,51909.28
2025-03,West,27633.57
2025-04,North,45402.60
2025-04,South,39784.26
2025-04,East,53709.01
2025-04,West,29136.19
2025-05,North,47677.17
2025-05,South,41438.54
2025-05,East,57505.51
2025-05,West,30843.40
2025-06,North,50681.28
2025-06,South,37982.91
2025-06,East,60442.34
2025-06,West,31148.05
2025-07,North,47781.28
2025-07,South,39388.96
2025-07,East,59222.41
2025-07,West,34620.63
2025-08,North,49223.63
2025-08,South,42758.00
2025-08,East,62404.57
2025-08,West,33241.99
2025-09,North,52318.72
2025-09,South,41213.94
2025-09,East,61038.01
2025-09,West,33249.79
2025-10,North,54242.00
2025-10,South,44087.96
2025-10,East,63840.74
2025-10,West,35987.81
2025-11,North,54365.92
2025-11,South,44498.83
2025-11,East,67771.90
2025-11,West,37394.97
2025-12,North,54580.48
2025-12,South,46922.12
2025-12,East,67955.98
2025-12,West,39115.69
